fecha,maxima
1950-06-03,30.5
1950-06-04,32.9
1950-06-05,31
1950-06-06,30.3
1950-06-24,30.6
1950-06-25,31.9
1950-06-26,32.7
1950-06-27,33.1
1950-06-28,34.8
1950-06-29,36.5
1950-06-30,34.6
1950-07-01,34.4
1950-07-02,32.3
1950-07-07,32.1
1950-07-08,33.5
1950-07-09,33.5
1950-07-10,32.2
1950-07-11,32.6
1950-07-12,34.3
1950-07-13,31
1950-07-15,30.5
1950-07-16,31.6
1950-07-17,31.5
1950-07-18,33.2
1950-07-19,34.8
1950-07-20,35.2
1950-07-21,33.6
1950-07-22,32.2
1950-07-23,33.5
1950-07-24,35
1950-07-25,34.6
1950-07-26,33.6
1950-07-27,33.5
1950-07-28,35.4
1950-07-29,34.2
1950-07-30,34.6
1950-07-31,35.5
1950-08-01,34
1950-08-02,30.4
1950-08-03,30.3
1950-08-04,30.9
1950-08-05,32.6
1950-08-06,32.4
1950-08-07,31
1950-08-08,31.4
1950-08-09,33
1950-08-10,31.9
1950-08-11,31.1
1950-08-12,31.6
1950-08-13,31.9
1950-08-14,31.6
1950-08-16,32.5
1950-08-20,30.6
1950-08-22,31.1
1950-09-08,30.7
1950-09-09,31.5
1950-09-10,31.2
1951-06-12,30.6
1951-06-13,33.9
1951-06-14,32.6
1951-06-15,31.8
1951-06-16,31.6
1951-06-28,30.6
1951-06-29,31.1
1951-06-30,30.1
1951-07-02,30.3
1951-07-03,30.8
1951-07-06,31.6
1951-07-07,30.7
1951-07-08,30.2
1951-07-09,30.5
1951-07-10,30.6
1951-07-18,31.7
1951-07-19,31.9
1951-07-20,34.2
1951-07-21,34.2
1951-07-22,31.3
1951-07-25,30.2
1951-07-26,33
1951-07-27,35.2
1951-07-28,38
1951-07-29,33.5
1951-08-12,31
1951-08-13,31.2
1951-08-14,30.8
1951-08-15,30.9
1951-08-16,31.2
1951-08-18,31.2
1951-08-19,32.5
1951-09-04,31.7
1951-09-05,31.5
1952-06-05,30.6
1952-06-21,30.1
1952-06-23,32.8
1952-06-24,33.6
1952-06-25,35.5
1952-06-26,30.7
1952-06-28,31
1952-06-29,32.8
1952-06-30,30.8
1952-07-01,30.6
1952-07-02,32.9
1952-07-03,31.4
1952-07-07,32.2
1952-07-08,30
1952-07-09,33
1952-07-10,34.9
1952-07-11,36.6
1952-07-12,35.1
1952-07-13,33.6
1952-07-14,32
1952-07-15,30.5
1952-07-16,32
1952-07-17,30.7
1952-07-18,30.2
1952-07-19,32.8
1952-07-20,30.2
1952-07-21,31.7
1952-07-31,30.1
1952-08-03,30.2
1952-08-04,30.1
1952-08-05,30.8
1952-08-11,30.7
1952-08-12,32.5
1952-08-13,34.4
1952-08-18,31
1952-08-25,30.3
1953-05-23,31
1953-05-24,32.1
1953-05-25,30.5
1953-06-24,30.2
1953-06-25,31.1
1953-07-08,31.8
1953-07-09,31.5
1953-07-13,30.8
1953-07-14,32
1953-07-15,30.5
1953-07-16,32
1953-07-19,30
1953-07-20,31.5
1953-07-21,34
1953-07-22,32.4
1953-07-23,32.1
1953-07-24,32.8
1953-07-25,32.9
1953-07-26,33.5
1953-07-27,31.5
1953-07-28,31
1953-07-29,31
1953-07-30,30.5
1953-07-31,31.5
1953-08-01,31
1953-08-02,33.7
1953-08-06,30.7
1953-08-07,32.8
1953-08-08,34.2
1953-08-09,32.5
1953-08-10,31.6
1953-08-11,32
1953-08-12,33
1953-08-13,31.8
1953-08-14,31.2
1953-08-15,30.7
1953-08-16,31
1953-08-17,32
1953-08-18,32.5
1953-08-19,33
1953-08-20,33
1953-08-21,30
1953-08-23,30.5
1953-08-24,30
1953-08-25,30.8
1953-08-28,30
1953-08-29,30.9
1953-08-30,31.8
1953-08-31,31.6
1953-09-02,30.4
1953-09-03,30.8
1953-09-04,30.6
1953-09-05,31.3
1954-06-18,30.1
1954-06-19,31.7
1954-06-20,31.7
1954-06-23,30
1954-06-24,30
1954-06-25,31.6
1954-06-26,33
1954-06-27,32.3
1954-07-03,30
1954-07-14,30.5
1954-07-15,31.2
1954-07-16,31.2
1954-07-17,32.5
1954-07-18,34.4
1954-07-19,32.8
1954-07-20,32.4
1954-07-21,32
1954-07-22,31.3
1954-07-23,32
1954-07-24,34
1954-07-25,34.6
1954-07-26,35
1954-07-27,34.8
1954-07-28,33
1954-07-29,31.4
1954-08-01,30.3
1954-08-02,30.1
1954-08-03,30.7
1954-08-08,30
1954-08-12,31.5
1954-08-18,32.2
1954-08-19,31.8
1954-08-30,30.8
1954-09-11,30.1
1954-09-28,30
1955-06-15,30.5
1955-06-24,31.6
1955-06-26,31.4
1955-06-29,31
1955-06-30,32.7
1955-07-01,31.6
1955-07-02,31.2
1955-07-03,31.3
1955-07-04,30.4
1955-07-05,32.3
1955-07-06,31.8
1955-07-07,32.5
1955-07-08,33.5
1955-07-09,30.1
1955-07-12,31.3
1955-07-13,31.5
1955-07-14,31.4
1955-07-15,31.6
1955-07-16,30.3
1955-07-17,31.5
1955-07-22,30.4
1955-07-23,30.6
1955-07-24,33.6
1955-07-29,30
1955-07-30,31.5
1955-08-02,30.4
1955-08-03,30.6
1955-08-04,31
1955-08-08,31.3
1955-08-09,32.1
1955-08-10,32.8
1955-08-11,31
1955-08-16,30
1955-08-17,31.6
1955-08-18,33
1955-08-19,32.5
1955-08-20,32
1955-08-21,32
1955-08-22,30.8
1955-08-25,30.7
1955-08-26,30
1956-06-21,30.2
1956-06-22,31.2
1956-06-23,30.6
1956-07-04,31.4
1956-07-05,33.1
1956-07-06,34.6
1956-07-07,32.6
1956-07-08,32.2
1956-07-09,31.5
1956-07-11,30.5
1956-07-12,31.5
1956-07-25,30.8
1956-07-26,32.4
1956-07-27,31.9
1956-07-28,30
1956-07-31,30
1956-08-01,31
1956-08-02,33
1956-08-03,31.7
1956-08-13,32.1
1956-08-14,32.7
1956-08-15,32.5
1956-08-16,33.8
1956-08-24,30.6
1956-09-12,31.6
1956-09-13,34
1956-09-14,33.2
1956-09-15,30.4
1957-06-26,30.1
1957-06-27,32.1
1957-06-28,33.8
1957-06-29,33.8
1957-06-30,32.8
1957-07-01,33.2
1957-07-02,33
1957-07-03,32.2
1957-07-04,30.8
1957-07-05,30.3
1957-07-08,30.6
1957-07-09,32.5
1957-07-10,31
1957-07-11,31.2
1957-07-12,32.1
1957-07-13,31.3
1957-07-17,32.1
1957-07-18,30.9
1957-07-20,31.7
1957-07-21,32.6
1957-07-25,32.6
1957-07-26,34.8
1957-07-27,35.9
1957-07-28,34.5
1957-07-29,33.2
1957-07-30,35.6
1957-07-31,36.5
1957-08-01,38
1957-08-02,37.2
1957-08-03,35.6
1957-08-04,30
1957-08-05,34.2
1957-08-06,34
1957-08-07,32.5
1957-08-15,31.3
1957-08-16,32.5
1957-08-17,33.2
1957-08-18,34
1957-08-21,31.2
1957-08-22,33.1
1957-08-23,31
1957-08-24,31
1957-08-25,32.6
1957-08-26,30.1
1957-08-27,30.5
1957-08-28,30.8
1957-08-29,30.5
1957-08-30,31.2
1957-09-04,30.4
1957-09-05,30.1
1957-09-06,33
1957-09-07,32
1958-05-09,30.1
1958-07-10,30.9
1958-07-11,31.8
1958-07-12,31.6
1958-07-13,31.2
1958-07-14,32.5
1958-07-18,31.6
1958-07-19,32.6
1958-07-20,30.8
1958-07-21,31.7
1958-07-24,32.1
1958-07-25,34
1958-07-26,33.5
1958-07-27,33.2
1958-07-28,35.1
1958-07-29,35.4
1958-07-30,37.1
1958-07-31,37.5
1958-08-01,35.6
1958-08-02,33
1958-08-03,30.4
1958-08-04,32.4
1958-08-05,32.5
1958-08-06,33.7
1958-08-07,31
1958-08-08,32.8
1958-08-09,34
1958-08-10,31.3
1958-08-14,32.1
1958-08-15,32.5
1958-08-16,33
1958-08-17,31
1958-08-26,30.8
1958-09-07,30.5
1958-09-08,30.5
1958-09-09,30
1958-09-10,30.6
1958-09-11,31.2
1958-09-12,31.5
1958-09-13,31.5
1959-06-23,31.5
1959-06-24,30.7
1959-06-28,30.3
1959-07-02,30.2
1959-07-03,31.9
1959-07-04,33.2
1959-07-05,35
1959-07-06,37.2
1959-07-07,36.2
1959-07-08,35.5
1959-07-09,32.4
1959-07-10,33
1959-07-11,33.5
1959-07-12,31
1959-07-16,30.7
1959-07-17,33.3
1959-07-18,30.4
1959-07-19,30
1959-07-20,32.7
1959-07-21,32.5
1959-07-22,30.1
1959-07-26,32.5
1959-07-27,35.1
1959-07-28,35.2
1959-07-29,31.2
1959-08-01,30.8
1959-08-02,33
1959-08-03,31
1959-08-04,31
1959-08-14,30
1959-08-15,31.1
1959-08-16,32.5
1959-08-17,33.4
1959-08-18,33.5
1959-08-19,32.3
1959-08-20,31.6
1960-05-26,30.6
1960-05-27,31.9
1960-06-11,30.4
1960-06-17,30.4
1960-06-18,30.4
1960-06-19,33.4
1960-06-20,34.6
1960-06-21,35.6
1960-06-22,34.3
1960-06-23,31.6
1960-06-28,31.2
1960-06-29,30.8
1960-07-05,30.4
1960-07-06,32
1960-07-10,32
1960-07-13,31
1960-07-14,30.6
1960-07-17,32
1960-07-18,33.4
1960-07-19,33.2
1960-07-21,30.2
1960-07-22,31.1
1960-07-23,30.3
1960-07-24,32
1960-07-25,33.8
1960-07-26,34.8
1960-07-27,36
1960-07-28,36
1960-07-29,30
1960-08-02,30
1960-08-03,31
1960-08-10,30.2
1960-08-15,30.3
1960-08-16,32.2
1960-08-21,32.5
1960-08-22,33.3
1960-08-23,33.6
1960-08-24,31.4
1960-08-28,30
1960-08-29,32.2
1960-08-30,30.7
1960-08-31,30.8
1960-09-09,30.2
1960-09-11,30.6
1960-09-12,31.2
1960-09-13,32.3
1960-09-14,32
1961-05-09,30
1961-05-15,30.7
1961-06-17,30.8
1961-06-18,31.2
1961-06-19,31.4
1961-06-20,32.1
1961-06-21,32.8
1961-06-22,31.3
1961-06-23,31.8
1961-06-29,31
1961-06-30,34.3
1961-07-02,31
1961-07-05,30.5
1961-07-06,32.4
1961-07-07,33
1961-07-08,33.5
1961-07-09,34.6
1961-07-10,33.5
1961-07-11,33.3
1961-07-18,31
1961-07-19,33.4
1961-07-20,31.9
1961-07-21,31.6
1961-07-22,30.9
1961-07-23,30.7
1961-07-24,30.5
1961-07-25,31.6
1961-07-26,32.4
1961-07-28,31
1961-07-29,31.4
1961-07-30,31.8
1961-08-01,30
1961-08-02,32.5
1961-08-03,30.4
1961-08-04,31.7
1961-08-05,33.8
1961-08-06,33.1
1961-08-07,31.2
1961-08-08,30.5
1961-08-18,32.3
1961-08-19,30.6
1961-08-22,31.2
1961-08-23,33.3
1961-08-24,32.2
1961-08-25,32.3
1961-08-26,32.8
1961-08-27,33.9
1961-08-28,33.8
1961-08-29,32.7
1961-08-30,31.8
1961-08-31,30.7
1961-09-08,30.5
1961-09-09,30.4
1961-09-10,30.2
1961-09-14,30
1961-09-15,31.2
1961-09-16,30.7
1961-09-17,30.2
1962-06-19,31.1
1962-06-20,30.8
1962-06-21,31.6
1962-06-22,32.3
1962-06-23,31.5
1962-06-24,32.5
1962-06-25,32.5
1962-06-26,31
1962-06-27,30.6
1962-06-29,30.4
1962-06-30,31
1962-07-01,30.4
1962-07-02,30.3
1962-07-03,33.2
1962-07-04,33.4
1962-07-05,30.2
1962-07-12,30.6
1962-07-13,31.7
1962-07-14,30.5
1962-07-15,30.6
1962-07-18,31
1962-07-19,32.3
1962-07-20,32.5
1962-07-23,31.8
1962-07-24,33.1
1962-07-25,31.6
1962-07-27,32
1962-07-28,31.2
1962-07-29,31.8
1962-07-30,32.1
1962-07-31,32.5
1962-08-01,32.6
1962-08-02,30.5
1962-08-03,30.1
1962-08-04,30.5
1962-08-05,31
1962-08-06,30.1
1962-08-10,30.3
1962-08-11,32.5
1962-08-12,32.5
1962-08-13,33
1962-08-14,32.6
1962-08-18,33.2
1962-08-19,34
1962-08-20,34.5
1962-08-21,31.6
1962-08-22,30
1962-08-23,31.6
1962-08-24,33.6
1962-08-25,34.4
1962-08-26,34.5
1962-08-27,34.5
1962-08-28,35.1
1962-08-29,34.6
1962-08-30,33.2
1962-08-31,30.8
1962-09-02,31.6
1962-09-03,30
1962-09-07,31
1962-09-08,31
1962-09-09,31.4
1962-09-10,30.5
1962-09-11,32.4
1962-09-12,33.1
1962-09-13,32.4
1962-09-14,31.4
1962-09-15,30.2
1963-06-17,30.2
1963-06-18,32.1
1963-06-19,32
1963-06-20,32.6
1963-06-21,32.4
1963-06-22,30.6
1963-06-23,30
1963-06-26,33
1963-07-06,30.6
1963-07-07,31.7
1963-07-08,33.2
1963-07-09,31
1963-07-15,31.6
1963-07-16,33.6
1963-07-17,30.6
1963-07-20,30.8
1963-07-21,30.8
1963-07-22,32.4
1963-07-23,33.2
1963-07-24,32.6
1963-07-25,33.6
1963-07-26,33.4
1963-07-29,30.6
1963-07-30,32
1963-07-31,31.4
1963-08-09,30.6
1963-08-10,32.8
1963-08-11,33.6
1963-08-20,30.6
1963-08-22,30.4
1963-08-23,31.5
1963-08-24,32.6
1963-08-25,33.3
1963-08-26,33.2
1964-05-14,30.2
1964-05-15,31
1964-05-16,31.2
1964-05-17,30.4
1964-05-18,31.4
1964-05-19,31.6
1964-05-20,30.6
1964-06-09,32
1964-06-10,33.2
1964-06-11,33.2
1964-06-12,33.6
1964-06-17,30.6
1964-06-18,31
1964-07-12,30.6
1964-07-13,30.2
1964-07-14,31.6
1964-07-15,33.8
1964-07-16,33.6
1964-07-17,34
1964-07-18,34.5
1964-07-19,33.6
1964-07-20,33
1964-07-21,34
1964-07-23,32.2
1964-07-24,33.4
1964-07-25,32.6
1964-07-26,32.2
1964-07-27,30.6
1964-07-28,30.2
1964-07-29,32
1964-07-30,30.8
1964-07-31,31
1964-08-01,32
1964-08-02,32
1964-08-03,33.6
1964-08-04,34.4
1964-08-05,33.6
1964-08-06,33.6
1964-08-07,32.6
1964-08-09,30.6
1964-08-11,30.8
1964-08-16,30.6
1964-08-20,30.2
1964-08-27,30.6
1964-08-28,31.7
1964-08-29,31.6
1964-08-30,32
1964-08-31,33
1964-09-01,33
1964-09-02,31.8
1964-09-09,31
1964-09-10,31.4
1964-09-11,30.4
1964-09-12,31
1964-09-13,32.4
1964-09-14,31.2
1964-09-15,30.6
1964-09-16,31.8
1964-09-17,32
1964-09-18,31
1964-09-19,31.4
1965-05-09,30
1965-05-10,31
1965-05-11,30.6
1965-05-12,31.2
1965-05-14,30
1965-05-15,31.2
1965-05-16,30.2
1965-06-12,30
1965-06-13,31.6
1965-06-14,31.6
1965-06-15,32.4
1965-06-18,32.8
1965-06-19,34.2
1965-06-20,34.6
1965-06-21,34
1965-06-22,30
1965-06-23,31
1965-06-24,33
1965-06-25,33.2
1965-06-26,34.2
1965-06-27,33.8
1965-06-28,34.5
1965-06-29,34.2
1965-06-30,31.4
1965-07-10,30
1965-07-11,31.6
1965-07-12,33.4
1965-07-13,31.6
1965-07-16,30
1965-07-17,31.2
1965-07-18,30.6
1965-07-19,30.6
1965-07-29,31.4
1965-07-30,33.4
1965-07-31,30.9
1965-08-02,31
1965-08-03,33
1965-08-04,34.2
1965-08-05,37.3
1965-08-06,36.2
1965-08-10,30.3
1965-08-11,32.7
1965-08-12,32.3
1965-08-15,31.6
1965-08-16,32.4
1965-08-20,31.6
1965-08-21,32.2
1965-08-27,32
1965-08-28,32.2
1965-08-29,33
1965-08-30,33.4
1966-06-26,30.7
1966-06-27,32.2
1966-06-28,33.6
1966-06-29,32.6
1966-06-30,31.7
1966-07-01,33.2
1966-07-02,30.8
1966-07-03,30.3
1966-07-08,30.9
1966-07-10,34.2
1966-07-11,37
1966-07-12,38.4
1966-07-13,37.4
1966-07-14,33.8
1966-07-15,31.4
1966-07-16,30
1966-07-21,30.4
1966-07-22,31.4
1966-07-23,33
1966-07-24,32.8
1966-07-25,32.8
1966-07-26,31.4
1966-07-27,30.2
1966-07-29,30
1966-07-30,30
1966-07-31,30.2
1966-08-01,31.6
1966-08-02,31.6
1966-08-03,33
1966-08-04,31
1966-08-05,30.4
1966-08-06,31.8
1966-08-07,31.4
1966-08-08,30.6
1966-08-09,32.2
1966-08-10,33
1966-08-11,35
1966-08-12,36.8
1966-08-13,35.4
1966-08-14,35.3
1966-08-15,34.8
1966-08-16,30.7
1966-08-17,31.4
1966-08-18,31
1966-08-19,32
1966-08-20,32.2
1966-08-22,30.2
1966-08-23,31.4
1966-08-24,31
1966-09-02,31.2
1966-09-03,31.6
1966-09-04,32.2
1966-09-05,31.8
1966-09-06,32.8
1966-09-07,32.6
1966-09-08,34.2
1966-09-09,34.8
1966-09-10,35
1966-09-11,32.6
1966-09-12,30.2
1967-06-22,31.2
1967-06-23,32.5
1967-06-24,30
1967-06-29,31.8
1967-06-30,35
1967-07-01,33.2
1967-07-02,32
1967-07-03,30.2
1967-07-04,30.6
1967-07-05,31.6
1967-07-06,30.7
1967-07-07,31
1967-07-08,32.6
1967-07-09,34.4
1967-07-10,35.4
1967-07-11,31.9
1967-07-12,33
1967-07-15,31
1967-07-16,33.6
1967-07-17,34
1967-07-18,32.2
1967-07-19,35.7
1967-07-20,36.8
1967-07-21,36
1967-07-22,32.4
1967-07-23,34
1967-07-24,34.4
1967-07-25,33.8
1967-07-26,33
1967-07-27,32.8
1967-07-28,33
1967-07-29,33.4
1967-07-30,34.2
1967-07-31,34.2
1967-08-01,32.8
1967-08-02,32
1967-08-03,30.8
1967-08-07,30
1967-08-11,31
1967-08-12,30.9
1967-08-15,33
1967-08-16,32.8
1967-08-17,31.7
1967-08-18,32.2
1967-08-19,32.6
1967-08-20,33.8
1967-08-21,33.4
1967-08-22,33.7
1967-08-23,31.2
1967-08-24,32
1967-08-28,30.6
1967-08-29,31.2
1967-08-31,31
1968-06-06,30.2
1968-06-07,31
1968-06-08,31
1968-06-09,30.6
1968-06-10,30
1968-06-25,31.6
1968-06-26,33
1968-06-27,34
1968-06-28,35
1968-06-29,35.6
1968-06-30,35
1968-07-01,35
1968-07-04,31
1968-07-05,30.2
1968-07-06,30.2
1968-07-07,30.6
1968-07-09,33
1968-07-20,31.8
1968-07-21,33.6
1968-07-22,33.2
1968-07-23,33
1968-07-24,34
1968-07-25,33.4
1968-07-26,35
1968-07-27,36.2
1968-07-28,35
1968-08-04,30
1968-08-13,31.2
1968-08-14,30.2
1968-08-15,32
1968-08-16,31.2
1968-08-18,30.8
1968-08-19,32
1968-08-20,32.2
1968-08-21,32.6
1968-08-22,33
1968-08-23,34.6
1968-08-24,34
1968-08-25,30.6
1968-08-26,30.8
1968-09-08,30.2
1968-09-09,30
1969-06-27,31.1
1969-06-28,32.6
1969-06-29,33.6
1969-06-30,32.2
1969-07-01,30.2
1969-07-12,32
1969-07-13,33.6
1969-07-14,33.4
1969-07-15,33
1969-07-16,32.8
1969-07-17,33.6
1969-07-18,34.4
1969-07-19,34
1969-07-20,34.4
1969-07-21,35
1969-07-22,34.4
1969-07-23,33.4
1969-07-24,33
1969-07-25,32
1969-07-26,31.4
1969-07-27,31.2
1969-07-28,32.6
1969-07-29,30
1969-07-30,30.4
1969-07-31,32.5
1969-08-04,32
1969-08-05,33
1969-08-06,32.4
1969-08-07,33.4
1969-08-08,34
1969-08-10,31.4
1969-08-11,31.6
1969-08-12,31.6
1969-08-13,32.6
1969-08-14,30
1969-08-20,30.4
1969-08-21,31.8
1969-08-22,30.5
1970-05-24,31
1970-05-28,30.2
1970-06-02,31.6
1970-06-03,31.6
1970-06-25,31
1970-06-26,30
1970-06-27,30.4
1970-06-30,30
1970-07-01,32.6
1970-07-02,32.7
1970-07-05,31
1970-07-06,34.1
1970-07-10,31.5
1970-07-11,33.6
1970-07-12,35
1970-07-13,34.6
1970-07-14,30.6
1970-07-18,32
1970-07-19,32
1970-07-20,32.6
1970-07-21,33
1970-07-22,31.4
1970-07-23,32
1970-07-24,33.3
1970-07-25,31.2
1970-07-26,33.6
1970-07-27,34.5
1970-07-28,34
1970-07-29,31.1
1970-07-30,30.1
1970-08-08,30.6
1970-08-11,31.4
1970-08-12,33
1970-08-13,32.6
1970-08-14,30.4
1970-08-15,30.6
1970-08-16,30.4
1970-08-17,30.8
1970-08-18,30.2
1970-08-25,30
1970-08-26,30
1970-09-01,30.4
1970-09-02,31.8
1970-09-03,32.2
1970-09-04,31.8
1970-09-05,33.4
1970-09-06,33.1
1970-09-07,31.8
1970-09-20,30.8
1970-09-21,31
1970-09-22,30.4
1970-09-23,30
1971-06-20,30
1971-06-21,31
1971-06-22,31.6
1971-06-28,31.6
1971-06-29,33.4
1971-06-30,32.6
1971-07-01,32.6
1971-07-09,30
1971-07-10,30.6
1971-07-15,30.4
1971-07-16,30.6
1971-07-26,30.2
1971-07-28,30.4
1971-07-29,32
1971-07-30,35.2
1971-07-31,32.8
1971-08-01,30.3
1971-08-10,30
1971-08-11,30.4
1971-08-12,32
1971-08-13,34
1971-08-14,32.6
1971-08-15,32
1971-08-16,33
1971-08-17,30
1971-08-28,30.7
1971-09-02,30.4
1971-09-03,31.6
1971-09-04,31.2
1972-05-29,30.4
1972-05-30,30.6
1972-06-24,31.2
1972-06-25,32
1972-07-03,31.5
1972-07-13,30.7
1972-07-14,33.2
1972-07-15,30.6
1972-07-16,30
1972-07-22,31.2
1972-07-23,32.2
1972-07-24,32.4
1972-07-25,31.2
1972-07-26,31.4
1972-07-27,31
1972-07-28,31.6
1972-07-31,30.5
1972-08-05,31.2
1972-08-06,30.8
1972-08-08,30
1972-08-09,31.2
1972-08-10,31.6
1972-08-11,30
1972-08-23,30.6
1972-08-24,31.4
1973-06-19,31.4
1973-06-29,32
1973-06-30,32.4
1973-07-01,33
1973-07-02,33.4
1973-07-03,35
1973-07-04,34.6
1973-07-07,31.4
1973-07-08,31.2
1973-07-09,31.3
1973-07-10,32
1973-07-11,35.8
1973-07-12,34
1973-07-20,31
1973-07-21,30.2
1973-07-23,30.6
1973-07-24,33
1973-07-25,34.4
1973-07-26,31
1973-07-27,32.4
1973-07-28,32.5
1973-08-05,32.6
1973-08-06,33.2
1973-08-07,34.4
1973-08-08,35
1973-08-09,35.4
1973-08-10,35.4
1973-08-11,34.6
1973-08-12,33.6
1973-08-13,34.4
1973-08-14,34.6
1973-08-15,33
1973-08-16,30
1973-08-18,30
1973-08-19,31
1973-08-20,32.6
1973-08-21,32.4
1973-08-22,30
1973-08-23,31
1973-08-24,33
1973-08-25,31
1973-08-26,32.4
1973-08-27,31.8
1973-08-28,30.2
1973-08-29,30.4
1973-08-30,32.6
1973-09-02,30.6
1973-09-03,32
1973-09-04,30.4
1973-09-10,31
1973-09-11,33
1973-09-14,30
1974-05-21,30
1974-05-22,31.6
1974-05-23,30.4
1974-06-08,30
1974-06-30,31.6
1974-07-01,33
1974-07-02,33.6
1974-07-03,32.4
1974-07-04,30.6
1974-07-07,31.6
1974-07-08,34
1974-07-09,34
1974-07-10,34.4
1974-07-11,35
1974-07-12,35.4
1974-07-16,30
1974-07-22,30.4
1974-07-23,30.8
1974-07-24,32.8
1974-07-25,32.8
1974-07-26,32.6
1974-07-27,33
1974-07-28,34
1974-07-29,34
1974-08-01,31.1
1974-08-02,33
1974-08-03,30.6
1974-08-05,32.6
1974-08-06,34.2
1974-08-07,30.4
1974-08-09,30
1974-08-10,32.4
1974-08-11,31
1974-08-12,32
1974-08-13,33
1974-08-14,33
1974-08-15,34.5
1974-08-16,36.3
1974-08-17,31.4
1974-08-18,30
1974-08-23,30
1974-08-24,31
1974-08-25,32
1974-08-28,30.5
1975-06-24,30.6
1975-06-25,30
1975-06-28,31.6
1975-06-30,30.6
1975-07-01,32.2
1975-07-02,35
1975-07-06,30.5
1975-07-11,30.6
1975-07-12,32.6
1975-07-13,35.4
1975-07-14,34.4
1975-07-15,34.8
1975-07-16,34.4
1975-07-19,30.4
1975-07-20,33
1975-07-21,34.4
1975-07-22,32
1975-07-23,31.6
1975-07-24,33.2
1975-07-25,33.8
1975-07-26,34
1975-07-27,33.2
1975-07-28,33.4
1975-07-29,34.4
1975-07-30,36.4
1975-07-31,33.8
1975-08-01,32.4
1975-08-02,33.2
1975-08-03,30.7
1975-08-04,31.4
1975-08-05,31
1975-08-06,34.6
1975-08-07,35.4
1975-08-08,33
1975-08-09,30
1975-08-10,30
1975-08-11,31.4
1975-08-12,31.4
1975-08-13,30.6
1975-08-17,30.8
1975-08-18,31.6
1975-08-19,32.2
1975-08-30,30
1976-06-01,30.4
1976-06-02,31.2
1976-06-12,30.6
1976-06-13,32
1976-06-22,30.6
1976-06-23,31.4
1976-06-24,32
1976-06-25,30
1976-06-26,30
1976-07-09,32.6
1976-07-10,34
1976-07-14,32.2
1976-07-15,33.6
1976-07-19,30
1976-07-20,31
1976-07-21,30.4
1976-07-22,30.2
1976-07-23,31.4
1976-07-24,32.6
1976-07-25,32.4
1976-07-27,30
1976-07-28,32
1976-07-29,33
1976-07-30,33
1976-08-03,31.4
1976-08-04,34
1976-08-05,36.6
1976-08-06,35.2
1976-08-07,34.4
1976-08-08,33.4
1976-08-09,31.8
1976-08-15,30
1976-08-19,30.4
1976-08-20,30
1977-06-26,31.2
1977-06-27,30.8
1977-07-18,31.6
1977-07-19,33.2
1977-07-20,33.4
1977-07-22,30.2
1977-07-25,30.3
1977-08-02,30.6
1977-08-06,30.2
1977-08-07,31
1977-08-08,30.8
1977-08-09,31.4
1977-08-10,32
1977-08-11,32.4
1977-08-12,30.7
1977-08-13,31.2
1977-08-14,33
1977-08-15,34.2
1977-08-16,32.2
1977-09-03,30
1977-09-04,30
1977-09-05,31.4
1977-09-06,31
1977-09-09,31.2
1977-09-10,31
1977-09-11,30.2
1977-09-12,31
1977-09-13,31.2
1977-09-14,30
1978-07-08,30
1978-07-09,33
1978-07-10,30.2
1978-07-13,32.2
1978-07-14,35
1978-07-15,37
1978-07-16,37.6
1978-07-17,36.6
1978-07-18,30
1978-07-21,31.4
1978-07-22,33.4
1978-07-23,30.4
1978-07-24,33.8
1978-07-25,33.8
1978-07-26,33.8
1978-07-27,34.6
1978-07-28,35
1978-07-29,32.2
1978-07-30,31.2
1978-08-02,30
1978-08-03,30.6
1978-08-04,31.4
1978-08-05,32.8
1978-08-06,31.4
1978-08-11,30.4
1978-08-12,31
1978-08-13,33.4
1978-08-14,33.6
1978-08-15,32
1978-08-16,31.6
1978-08-18,31.4
1978-08-19,32.4
1978-08-20,33.2
1978-08-21,33.6
1978-08-22,35
1978-08-23,35
1978-08-24,35
1978-08-25,34
1978-08-26,32
1978-08-27,33.6
1978-08-28,31.4
1978-08-29,31
1978-08-30,32
1978-08-31,33
1978-09-08,30.4
1978-09-09,32.8
1978-09-10,33.4
1978-09-11,33.4
1978-09-12,31.4
1978-09-13,30.4
1978-09-14,31
1978-09-15,30.6
1978-09-16,31.6
1978-09-17,32.2
1978-09-18,31
1978-09-19,30.2
1978-09-20,30.4
1979-06-19,31.8
1979-06-20,32.2
1979-06-21,31.4
1979-06-22,31
1979-06-25,30.2
1979-07-07,30.6
1979-07-08,33
1979-07-09,34.6
1979-07-10,34.2
1979-07-15,31
1979-07-16,33
1979-07-17,34.2
1979-07-18,33.2
1979-07-21,30.8
1979-07-22,31
1979-07-24,31
1979-07-26,33.2
1979-07-27,35
1979-07-28,36.5
1979-07-29,35.4
1979-07-30,32.8
1979-07-31,31
1979-08-01,30.4
1979-08-02,30.6
1979-08-03,31.6
1979-08-04,33
1979-08-05,33.2
1979-08-06,33.4
1979-08-07,31.6
1979-08-08,30
1979-08-09,31.4
1979-08-10,32
1979-08-11,32
1979-08-12,34
1979-08-13,35
1979-08-14,35
1979-08-22,31.2
1979-08-23,30.8
1979-08-26,30.4
1979-08-27,30.6
1979-08-30,31
1979-09-02,30.6
1979-09-03,31.2
1979-09-04,31
1979-09-05,32
1979-09-09,30
1979-09-11,30.6
1980-06-04,31.2
1980-06-05,32.8
1980-06-06,30.8
1980-06-19,30
1980-06-20,30.6
1980-06-29,30.4
1980-07-01,30
1980-07-02,31.2
1980-07-03,30.8
1980-07-04,32.2
1980-07-05,31
1980-07-06,30.6
1980-07-07,31
1980-07-13,30
1980-07-14,33
1980-07-15,31.4
1980-07-18,31
1980-07-19,35.1
1980-07-20,34.5
1980-07-21,30.8
1980-07-22,34.3
1980-07-23,36
1980-07-24,36.1
1980-07-25,32.5
1980-07-27,31.3
1980-07-28,30.8
1980-07-31,32.2
1980-08-01,32
1980-08-02,34.8
1980-08-03,33
1980-08-04,34
1980-08-05,35.4
1980-08-06,36
1980-08-07,35
1980-08-08,32
1980-08-09,33
1980-08-10,34.2
1980-08-11,35.4
1980-08-12,33.6
1980-08-13,34.2
1980-08-14,30.2
1980-08-17,31.2
1980-08-18,31.4
1980-08-20,32.6
1980-08-21,35.2
1980-08-22,37
1980-08-23,34
1980-08-24,33
1980-08-28,30.2
1980-08-29,33
1980-08-30,35
1980-08-31,33
1980-09-01,31.4
1980-09-02,32.5
1980-09-03,31
1980-09-04,31
1980-09-05,31.4
1980-09-06,32.6
1980-09-07,33
1980-09-11,30.8
1980-09-12,31.2
1980-09-13,32
1980-09-14,31.2
1980-09-15,31
1980-09-18,30
1981-06-07,31
1981-06-08,32.2
1981-06-09,30.6
1981-06-10,31.6
1981-06-11,34
1981-06-12,36
1981-06-13,38
1981-06-14,36.8
1981-06-15,33.6
1981-06-16,33.8
1981-06-17,34.4
1981-06-18,30
1981-06-20,30
1981-06-21,31.4
1981-06-22,31
1981-07-05,30.2
1981-07-06,32.6
1981-07-07,31.8
1981-07-08,31.2
1981-07-13,32
1981-07-14,32
1981-07-15,32.8
1981-07-16,34.8
1981-07-17,35.5
1981-07-20,30.6
1981-07-21,32
1981-07-22,32.5
1981-07-26,30.2
1981-07-27,31.4
1981-07-28,35.6
1981-07-29,37.4
1981-07-30,36.6
1981-07-31,32.6
1981-08-05,31
1981-08-06,32.6
1981-08-07,30.4
1981-08-08,31.6
1981-08-09,31.8
1981-08-10,31.6
1981-08-11,32.4
1981-08-12,32.6
1981-08-13,31.6
1981-08-14,32
1981-08-15,32.6
1981-08-16,32.4
1981-08-17,32.6
1981-08-18,33
1981-08-19,30.4
1981-08-23,30
1981-08-24,31.6
1981-08-25,30
1981-08-26,30.6
1981-08-27,31.2
1981-08-28,33
1981-08-29,31.4
1981-09-06,33
1981-09-07,32
1981-09-08,32
1981-09-09,30
1981-09-14,30
1981-09-15,31
1981-09-16,31.6
1981-09-17,30.6
1982-05-22,30
1982-06-08,30.6
1982-06-09,30.5
1982-06-10,30.5
1982-06-15,31.6
1982-06-16,30.4
1982-06-17,30.6
1982-06-19,31
1982-06-21,30.2
1982-06-28,30.8
1982-06-29,33.8
1982-06-30,34.6
1982-07-01,35.6
1982-07-02,35.8
1982-07-04,30.8
1982-07-05,34.6
1982-07-06,36.4
1982-07-07,37.4
1982-07-08,38
1982-07-09,32
1982-07-10,35.6
1982-07-11,33
1982-07-12,30
1982-07-15,30.4
1982-07-16,31.2
1982-07-17,33.6
1982-07-18,34
1982-07-19,31.6
1982-07-20,31.6
1982-07-23,31
1982-07-24,31.6
1982-07-25,32
1982-07-26,34.2
1982-07-27,33
1982-08-04,30
1982-08-05,32.2
1982-08-09,30.2
1982-08-10,31
1982-08-11,32.2
1982-08-12,34
1982-08-13,33.8
1982-08-14,34.2
1982-08-15,32
1982-08-16,32
1982-08-17,33
1982-08-18,34.2
1982-08-19,34.6
1982-08-20,31
1982-08-21,30.8
1982-08-22,31.6
1982-08-23,30.4
1982-08-25,31.6
1982-09-09,30
1983-06-03,30.2
1983-06-04,35.4
1983-06-06,31.6
1983-06-07,30
1983-06-08,30.6
1983-06-09,34.4
1983-06-10,35.2
1983-06-11,36.4
1983-06-12,33.4
1983-06-13,30.8
1983-06-14,32
1983-06-15,33.2
1983-06-16,34.4
1983-06-17,32
1983-06-29,31.4
1983-06-30,32.6
1983-07-01,32.6
1983-07-02,33
1983-07-05,30.3
1983-07-06,31
1983-07-07,30.2
1983-07-09,34.4
1983-07-10,33
1983-07-11,34.4
1983-07-12,34.8
1983-07-13,36
1983-07-14,36.4
1983-07-15,34
1983-07-16,30
1983-07-18,31
1983-07-19,31
1983-07-20,32
1983-07-21,32.6
1983-07-22,32.4
1983-07-23,31.6
1983-07-24,33.4
1983-07-25,30.2
1983-07-28,32
1983-07-29,34.4
1983-07-30,34.8
1983-08-01,31
1983-08-02,32
1983-08-03,33
1983-08-04,32.2
1983-08-05,32.1
1983-08-06,33.4
1983-08-14,30
1983-08-18,30.4
1983-08-21,30.2
1983-08-31,30.2
1983-09-05,30
1983-09-06,32.4
1983-09-07,33.2
1983-09-08,34.4
1983-09-09,32.6
1983-09-14,30
1983-09-18,30.6
1983-09-19,31
1983-09-20,30.4
1983-09-21,31.8
1983-09-22,34
1983-09-23,32.8
1983-09-24,32.4
1983-09-25,35
1983-09-26,34.5
1984-06-15,32.2
1984-06-16,30.2
1984-06-24,31.2
1984-06-25,30.8
1984-06-26,32.8
1984-06-30,31.2
1984-07-03,31.4
1984-07-04,31.2
1984-07-05,32
1984-07-06,33
1984-07-07,33.4
1984-07-08,33.8
1984-07-09,33
1984-07-10,34
1984-07-13,32.5
1984-07-14,33.5
1984-07-15,34.5
1984-07-16,33
1984-07-17,32
1984-07-18,32
1984-07-19,34
1984-07-20,33.2
1984-07-21,34.6
1984-07-22,35
1984-07-23,37.4
1984-07-24,33.8
1984-07-25,32.4
1984-07-26,31.4
1984-07-27,32.4
1984-07-28,35.2
1984-07-29,35.6
1984-07-30,33.1
1984-08-01,30
1984-08-02,33.4
1984-08-03,32.2
1984-08-07,31.8
1984-08-13,30.4
1984-08-14,30
1984-08-15,31
1984-08-16,30.6
1984-08-17,30.4
1984-08-18,31.4
1984-08-19,31.6
1984-08-20,32.2
1984-08-26,30
1984-08-31,31.4
1984-09-01,34.4
1984-09-02,32.2
1984-09-03,32
1984-09-04,31.6
1984-09-09,30.2
1984-09-14,30
1985-06-11,30
1985-06-12,31.2
1985-06-13,31.6
1985-06-23,30.5
1985-06-24,31
1985-06-25,32
1985-06-26,31
1985-06-27,31
1985-06-28,30.9
1985-06-29,32.6
1985-06-30,33.4
1985-07-01,33.6
1985-07-05,33.6
1985-07-06,34.6
1985-07-07,33
1985-07-08,34.3
1985-07-09,32
1985-07-10,32.4
1985-07-11,33.2
1985-07-12,33.6
1985-07-13,36.2
1985-07-14,32.8
1985-07-15,32.2
1985-07-16,32.1
1985-07-17,34
1985-07-18,33.8
1985-07-19,34.1
1985-07-20,34.4
1985-07-21,34
1985-07-22,36
1985-07-23,36.6
1985-07-24,36.8
1985-07-25,37.6
1985-07-26,30.6
1985-07-27,31.5
1985-08-01,30.4
1985-08-02,32
1985-08-03,35.6
1985-08-04,36.6
1985-08-05,34.8
1985-08-08,31
1985-08-09,31.8
1985-08-10,30
1985-08-11,31.4
1985-08-12,31.7
1985-08-13,31.6
1985-08-14,31.4
1985-08-15,33
1985-08-16,32.4
1985-08-17,33.6
1985-08-18,35.6
1985-08-19,35
1985-08-20,35.4
1985-08-21,35.2
1985-08-22,34.4
1985-08-23,32.4
1985-08-24,30.8
1985-08-28,32.2
1985-08-29,33.4
1985-08-30,32.4
1985-08-31,32.4
1985-09-01,32.8
1985-09-02,33
1985-09-03,33.4
1985-09-04,32
1985-09-05,33.4
1985-09-06,33.4
1985-09-07,34.3
1985-09-08,34
1985-09-09,33.6
1985-09-10,33.4
1985-09-11,32.4
1985-09-12,33.6
1985-09-13,33.4
1985-09-14,31.4
1985-09-15,32.6
1986-05-25,31.8
1986-05-26,30.2
1986-05-28,30.2
1986-06-11,30
1986-06-12,30.5
1986-06-13,31
1986-06-15,30
1986-06-17,30.6
1986-06-18,30.6
1986-06-19,30
1986-06-24,30.5
1986-06-25,30.5
1986-06-26,32.5
1986-06-27,33.2
1986-06-28,34.6
1986-06-29,30.8
1986-07-01,32.8
1986-07-02,33.6
1986-07-03,34.1
1986-07-04,34.3
1986-07-05,36.3
1986-07-06,34.4
1986-07-07,35.6
1986-07-08,37.5
1986-07-09,36.3
1986-07-10,35.4
1986-07-11,35.8
1986-07-16,32.5
1986-07-17,35.8
1986-07-18,32
1986-07-19,30.2
1986-07-20,32.6
1986-07-21,34.6
1986-07-22,33.8
1986-07-24,30
1986-07-27,31
1986-07-28,32.5
1986-07-29,35
1986-07-30,36.5
1986-07-31,33.3
1986-08-01,33.5
1986-08-02,35
1986-08-03,31.5
1986-08-05,30.5
1986-08-06,34
1986-08-07,30.5
1986-08-08,31.7
1986-08-09,31.5
1986-08-10,30.5
1986-08-13,31.7
1986-08-14,33.8
1986-08-15,34
1986-08-16,35.8
1986-08-17,30.5
1986-08-20,32.6
1986-08-21,33.8
1986-08-22,33
1986-08-25,30.4
1986-09-02,30.3
1986-09-03,32.5
1986-09-04,33.7
1986-09-05,32.1
1986-09-06,31.5
1986-09-07,30.7
1987-06-02,30.3
1987-06-06,31.1
1987-06-22,30.4
1987-06-23,30.8
1987-06-24,31
1987-06-25,31
1987-06-26,34.2
1987-06-27,35
1987-06-28,36.1
1987-06-29,34.2
1987-06-30,33.2
1987-07-01,32.6
1987-07-02,32.6
1987-07-03,34.5
1987-07-04,31.1
1987-07-05,32.2
1987-07-06,31.2
1987-07-07,30.2
1987-07-08,31.2
1987-07-09,33.2
1987-07-10,33
1987-07-11,35.4
1987-07-12,31.6
1987-07-20,30.7
1987-07-21,31.8
1987-07-22,31.4
1987-07-28,32.2
1987-07-29,31.5
1987-08-01,30.7
1987-08-02,33.8
1987-08-03,33.8
1987-08-04,37.9
1987-08-05,35.4
1987-08-10,32.4
1987-08-11,35.2
1987-08-12,39
1987-08-13,36.5
1987-08-14,34
1987-08-15,36
1987-08-16,33.3
1987-08-17,31.9
1987-08-18,34
1987-08-19,36.2
1987-08-20,36.8
1987-08-21,33.5
1987-08-22,33.2
1987-08-23,31.2
1987-08-26,30.6
1987-08-27,31
1987-09-03,30.5
1987-09-05,30.7
1987-09-06,30.8
1987-09-07,33
1987-09-08,34.8
1987-09-09,34.5
1987-09-10,31.5
1987-09-11,32
1987-09-12,34.4
1987-09-13,36
1987-09-14,34.4
1987-09-15,34.3
1987-09-16,32.5
1987-09-17,32.5
1987-09-18,32
1987-09-19,30.7
1988-06-02,30.7
1988-06-03,30.6
1988-07-09,31.5
1988-07-10,33.1
1988-07-11,34.2
1988-07-12,35.2
1988-07-13,34.4
1988-07-14,31.3
1988-07-15,30.4
1988-07-16,31.4
1988-07-17,32
1988-07-18,36
1988-07-20,30.5
1988-07-21,32.3
1988-07-22,35
1988-07-23,33.7
1988-07-24,32
1988-07-25,34
1988-07-26,35.5
1988-07-27,35.6
1988-07-28,35.6
1988-07-29,35.5
1988-07-30,31.4
1988-07-31,33.6
1988-08-01,35.2
1988-08-02,36.2
1988-08-05,32
1988-08-06,31.5
1988-08-07,30.2
1988-08-08,32.7
1988-08-09,34.3
1988-08-10,32.2
1988-08-11,31.7
1988-08-12,31.9
1988-08-13,33.2
1988-08-14,33
1988-08-15,33.4
1988-08-16,32.4
1988-08-17,32.6
1988-08-18,33.2
1988-08-19,33.6
1988-08-20,31.6
1988-08-24,30.5
1988-08-25,31.2
1988-08-26,32
1988-08-27,33.6
1988-08-28,31.3
1988-09-04,31.7
1988-09-05,34.5
1988-09-06,35
1988-09-07,36
1988-09-08,37
1988-09-09,34
1988-09-10,30.6
1989-06-12,31.6
1989-06-13,32.6
1989-06-14,30.2
1989-06-16,31
1989-06-17,32
1989-06-21,30.6
1989-06-22,32
1989-06-23,32.5
1989-06-24,33.7
1989-06-25,33.5
1989-06-26,32.2
1989-06-27,30
1989-06-28,30
1989-06-29,31.5
1989-06-30,34.5
1989-07-01,34
1989-07-02,33.8
1989-07-03,35.2
1989-07-08,31.6
1989-07-09,31.2
1989-07-10,32
1989-07-11,31.8
1989-07-12,30.2
1989-07-13,33.4
1989-07-14,34.8
1989-07-15,33.6
1989-07-16,36
1989-07-17,35.6
1989-07-18,36.4
1989-07-19,37.2
1989-07-20,36.4
1989-07-21,34.5
1989-07-22,32.3
1989-07-23,30
1989-07-24,30.7
1989-07-25,31.2
1989-07-26,33
1989-07-27,33.4
1989-07-28,35.4
1989-07-29,34.5
1989-07-30,34
1989-07-31,36.1
1989-08-01,36.7
1989-08-02,36.5
1989-08-07,30.5
1989-08-08,31.5
1989-08-09,32.1
1989-08-10,31.8
1989-08-11,33.5
1989-08-12,34.1
1989-08-13,34.2
1989-08-14,31.2
1989-08-15,32.5
1989-08-16,31.2
1989-08-17,31.1
1989-08-18,32.5
1989-08-19,32.5
1989-08-20,33
1989-08-21,34
1989-08-22,35.1
1989-08-23,33
1989-08-24,32.9
1989-08-25,32.7
1989-08-26,32.7
1989-08-27,33.2
1989-08-29,30
1990-06-02,31.6
1990-06-03,31
1990-06-07,30.2
1990-06-08,31.6
1990-06-09,31.4
1990-06-10,31
1990-06-23,32.2
1990-06-24,35.4
1990-06-25,32.9
1990-06-26,32.4
1990-06-27,33.4
1990-06-28,32.4
1990-06-29,31.4
1990-06-30,30.2
1990-07-01,30.6
1990-07-02,31.8
1990-07-04,31.8
1990-07-05,33.2
1990-07-06,30.1
1990-07-07,32.1
1990-07-08,34.1
1990-07-09,35
1990-07-10,36
1990-07-11,35
1990-07-12,33.6
1990-07-13,32.8
1990-07-14,30.2
1990-07-15,31.9
1990-07-16,33
1990-07-17,34
1990-07-18,35.4
1990-07-19,36
1990-07-20,37
1990-07-21,37
1990-07-22,35
1990-07-23,32.5
1990-07-24,34.5
1990-07-25,33
1990-07-27,30.4
1990-07-30,32.2
1990-07-31,35
1990-08-01,36
1990-08-02,34.3
1990-08-03,32.5
1990-08-04,34.5
1990-08-05,36.8
1990-08-06,34.3
1990-08-09,30.5
1990-08-10,32.5
1990-08-11,33.4
1990-08-12,34.2
1990-08-14,31
1990-08-15,32.5
1990-08-16,33.1
1990-08-17,32.6
1990-08-18,33.6
1990-08-19,34.6
1990-08-21,30.6
1990-08-22,30.7
1990-08-24,30
1990-08-25,30.1
1990-08-26,30.5
1990-08-27,32.4
1990-08-28,32.6
1990-08-29,31.6
1990-08-30,31.2
1990-09-02,30
1990-09-03,31
1990-09-04,32
1990-09-05,32.2
1990-09-06,34.2
1990-09-07,31
1991-06-09,31.6
1991-06-12,32.6
1991-06-13,34.6
1991-06-14,35.2
1991-06-15,35.2
1991-06-16,32
1991-06-20,30.3
1991-06-21,33.6
1991-06-22,34.1
1991-06-23,35
1991-06-24,36.4
1991-06-25,37.5
1991-06-26,36.6
1991-06-27,35.6
1991-06-28,30.5
1991-06-29,31
1991-06-30,33
1991-07-01,32.2
1991-07-08,33.4
1991-07-09,35.2
1991-07-10,36.2
1991-07-11,36.4
1991-07-12,37.6
1991-07-13,38.4
1991-07-14,36.6
1991-07-15,36.4
1991-07-16,38.5
1991-07-17,38.8
1991-07-18,39.1
1991-07-19,36.3
1991-07-20,36.6
1991-07-21,32.8
1991-07-22,32.6
1991-07-23,35
1991-07-24,34.6
1991-07-25,32.8
1991-07-26,33.2
1991-07-27,36.7
1991-07-28,35.5
1991-08-01,32.8
1991-08-02,35.2
1991-08-03,37.5
1991-08-04,37.7
1991-08-05,38.2
1991-08-06,39
1991-08-07,34.7
1991-08-10,30.7
1991-08-12,32.9
1991-08-13,36.3
1991-08-14,37
1991-08-15,38.3
1991-08-16,39.4
1991-08-17,38.5
1991-08-18,36.5
1991-08-19,35.4
1991-08-20,37.3
1991-08-21,34.5
1991-08-24,33.1
1991-08-25,34.7
1991-08-26,33.7
1991-08-27,33.2
1991-08-28,33
1991-08-29,32.2
1991-09-01,30.5
1991-09-02,30.4
1991-09-09,31
1991-09-10,30.8
1991-09-15,30.5
1991-09-16,31.8
1991-09-17,32.6
1991-09-18,33.8
1991-09-19,33.2
1991-09-20,30.6
1992-05-15,30.6
1992-05-16,31.7
1992-05-17,30.2
1992-06-27,30.4
1992-06-28,30.6
1992-07-03,32.7
1992-07-04,30.5
1992-07-09,30
1992-07-11,30.9
1992-07-12,34.9
1992-07-13,35.2
1992-07-14,37.5
1992-07-15,35.8
1992-07-16,34
1992-07-17,35.6
1992-07-18,36.4
1992-07-19,36.2
1992-07-20,36.7
1992-07-21,30.5
1992-07-22,33.3
1992-07-23,35
1992-07-24,35.5
1992-07-25,36
1992-07-26,36.6
1992-07-27,37.8
1992-07-28,37.9
1992-07-29,35.8
1992-07-30,32.3
1992-07-31,32.2
1992-08-01,35.5
1992-08-02,34
1992-08-03,35.5
1992-08-04,36.5
1992-08-05,37.4
1992-08-06,37.9
1992-08-07,37.5
1992-08-12,31
1992-08-13,33.2
1992-08-14,32.5
1992-08-15,32.1
1992-08-16,34
1992-08-17,36.5
1992-08-18,36.3
1992-08-19,31.5
1992-08-22,31.8
1992-08-23,32.3
1992-08-24,35.5
1992-08-25,37.5
1992-08-26,32.3
1992-08-27,32.5
1992-09-03,30
1992-09-04,31.2
1992-09-05,30
1992-09-06,32.1
1992-09-07,32.1
1992-09-13,30.1
1992-09-14,31.5
1992-09-15,31.4
1992-09-16,33.1
1992-09-17,31
1992-09-18,30.4
1992-09-19,30.1
1992-09-20,30
1993-06-15,30.1
1993-06-16,31
1993-06-17,33.1
1993-06-18,33
1993-06-19,30.8
1993-06-20,31.4
1993-06-26,31.7
1993-06-27,33.1
1993-07-07,30.3
1993-07-08,34
1993-07-09,34.7
1993-07-13,31
1993-07-14,34.7
1993-07-15,36.5
1993-07-16,36.3
1993-07-17,36.8
1993-07-18,36.6
1993-07-19,34.4
1993-07-22,32.5
1993-07-23,34.2
1993-07-24,36.8
1993-07-25,36.7
1993-07-26,34.3
1993-07-27,35.4
1993-07-28,38.2
1993-07-29,38.7
1993-07-30,33.2
1993-07-31,31.3
1993-08-01,32.5
1993-08-02,33.3
1993-08-03,36.1
1993-08-04,36.3
1993-08-05,38.1
1993-08-06,35.6
1993-08-07,33.8
1993-08-08,33.2
1993-08-09,33.2
1993-08-10,35.3
1993-08-11,36.3
1993-08-12,36.3
1993-08-13,34.6
1993-08-14,30.9
1993-08-15,31.3
1993-08-16,34.1
1993-08-17,33.1
1993-08-18,34.4
1993-08-19,37.8
1993-08-20,40
1993-08-21,33.5
1993-08-22,32.1
1993-08-23,30.4
1993-09-01,32
1993-09-02,32.4
1993-09-03,32.3
1993-09-04,30.6
1994-05-31,31.2
1994-06-05,31.4
1994-06-06,31.5
1994-06-07,32.2
1994-06-08,30.8
1994-06-14,30.5
1994-06-15,31.6
1994-06-16,30.3
1994-06-21,31.1
1994-06-22,32
1994-06-23,32.8
1994-06-24,32.7
1994-06-27,30.9
1994-06-28,34.8
1994-06-29,37.3
1994-06-30,38
1994-07-01,36.5
1994-07-02,36.9
1994-07-03,34.5
1994-07-04,35.9
1994-07-05,34.5
1994-07-06,32.7
1994-07-07,33.2
1994-07-08,33.6
1994-07-09,35.4
1994-07-10,36.3
1994-07-11,36.3
1994-07-12,35.7
1994-07-13,34.8
1994-07-14,36
1994-07-15,36.4
1994-07-16,32.7
1994-07-17,32
1994-07-18,34.2
1994-07-19,36.4
1994-07-20,36.7
1994-07-21,34.7
1994-07-22,33.6
1994-07-23,33.1
1994-07-24,33.2
1994-07-25,32.9
1994-07-26,34.5
1994-07-27,36.2
1994-07-28,36.7
1994-07-29,35.1
1994-07-30,31.9
1994-08-02,33
1994-08-03,34.4
1994-08-04,33.4
1994-08-05,34.6
1994-08-06,35.7
1994-08-07,34.4
1994-08-08,35.1
1994-08-12,32.4
1994-08-13,32.8
1994-08-14,32.3
1994-08-15,33.5
1994-08-16,35.3
1994-08-17,35.6
1994-08-18,34.5
1994-08-19,36.4
1994-08-20,34.8
1994-08-21,35.4
1994-08-22,36.5
1994-08-23,33.1
1994-08-24,30.6
1994-08-25,31.1
1994-08-26,33.4
1994-08-27,34.2
1994-08-28,34.8
1994-08-29,33
1994-08-30,31.5
1994-09-03,31.4
1994-09-06,31.4
1994-09-07,32
1994-09-11,30.5
1995-05-28,31
1995-05-29,30.2
1995-06-05,31.4
1995-06-17,30
1995-06-18,31.9
1995-06-19,32.6
1995-06-21,30.2
1995-06-22,32.2
1995-06-23,32
1995-06-30,30
1995-07-06,30.8
1995-07-07,31.8
1995-07-09,30.2
1995-07-10,30.2
1995-07-12,31.5
1995-07-14,30
1995-07-15,32
1995-07-16,34.6
1995-07-17,35.8
1995-07-18,36.6
1995-07-19,38.6
1995-07-20,39.4
1995-07-21,38
1995-07-22,38.4
1995-07-23,36.5
1995-07-24,39.5
1995-07-25,30.5
1995-07-27,32.5
1995-07-28,36
1995-07-29,37.5
1995-07-30,36
1995-07-31,34.4
1995-08-01,34.5
1995-08-02,33
1995-08-03,31.8
1995-08-05,30.4
1995-08-06,31
1995-08-07,30
1995-08-08,30.4
1995-08-09,30
1995-08-11,33
1995-08-12,34.6
1995-08-13,34.8
1995-08-14,31.2
1995-08-15,32.2
1995-08-16,35.1
1995-08-17,34.2
1995-08-18,32.2
1995-08-19,32.2
1995-08-20,32.5
1995-08-26,30.4
1995-08-27,31.8
1995-08-28,30.6
1995-08-30,31
1995-09-01,30.2
1995-09-02,32
1995-09-03,30
1996-05-29,31.7
1996-05-30,31.8
1996-05-31,30.5
1996-06-06,30
1996-06-10,31.7
1996-06-11,31.6
1996-06-12,32.4
1996-06-13,32.6
1996-06-14,33.2
1996-06-15,33.6
1996-06-16,32.6
1996-06-17,30.4
1996-06-19,30.5
1996-06-28,31.4
1996-06-29,34
1996-06-30,34.4
1996-07-01,34.4
1996-07-03,30.6
1996-07-04,30.8
1996-07-10,31
1996-07-11,30.7
1996-07-12,31.8
1996-07-13,32.4
1996-07-15,31
1996-07-16,31.5
1996-07-17,31.6
1996-07-18,34.8
1996-07-19,36
1996-07-20,37
1996-07-21,36.2
1996-07-22,35.4
1996-07-23,34.8
1996-07-24,32.8
1996-07-25,32
1996-07-29,32.6
1996-07-30,34.6
1996-07-31,35
1996-08-01,34.1
1996-08-02,34
1996-08-03,33
1996-08-04,31.5
1996-08-07,30.2
1996-08-09,31.8
1996-08-10,30.8
1996-08-11,30.4
1996-08-12,31.5
1996-08-13,31.2
1996-08-17,32.6
1996-08-18,31.3
1996-08-26,30
1996-09-29,30
1997-06-25,30.6
1997-07-07,30
1997-07-08,30.5
1997-07-12,32.6
1997-07-13,32.5
1997-07-14,32.5
1997-07-15,30.8
1997-07-18,30.7
1997-07-19,31.2
1997-07-20,31
1997-07-21,32.2
1997-07-25,32.2
1997-07-26,34.6
1997-07-27,35
1997-07-28,34
1997-07-29,33.9
1997-07-30,34.6
1997-07-31,34
1997-08-01,35.2
1997-08-02,36.5
1997-08-03,36
1997-08-04,31.4
1997-08-12,31
1997-08-13,33.8
1997-08-14,34.6
1997-08-15,34.5
1997-08-16,32
1997-08-17,32.6
1997-08-18,31.5
1997-08-19,33.7
1997-08-20,34
1997-08-21,33.4
1997-08-22,34.2
1997-08-23,32.6
1997-08-30,30.7
1997-09-04,32.2
1997-09-05,32.7
1997-09-06,31.9
1997-09-07,30.6
1997-09-08,30.7
1997-09-09,31.8
1997-09-10,33.6
1997-09-11,33.6
1997-09-12,30
1998-06-09,30.5
1998-06-18,31
1998-06-19,32.6
1998-06-20,32.8
1998-06-21,31
1998-06-22,33.3
1998-06-23,33.6
1998-06-24,32.5
1998-06-25,30.5
1998-06-26,31.2
1998-06-27,32.5
1998-06-28,33.7
1998-06-29,33.2
1998-06-30,34
1998-07-04,30
1998-07-05,33.2
1998-07-06,32.4
1998-07-09,31.2
1998-07-10,33.2
1998-07-11,33.8
1998-07-12,34.5
1998-07-13,35.4
1998-07-15,30
1998-07-16,34.2
1998-07-17,35
1998-07-18,35.5
1998-07-19,35.5
1998-07-20,32
1998-07-22,32
1998-07-23,35.2
1998-07-24,36.5
1998-07-25,35
1998-07-26,35.6
1998-07-27,33.4
1998-07-28,33.4
1998-07-29,35.8
1998-07-30,36.5
1998-07-31,33.5
1998-08-04,31.8
1998-08-05,32
1998-08-06,33.8
1998-08-07,34.5
1998-08-08,35.2
1998-08-09,35.8
1998-08-10,36.2
1998-08-11,36.5
1998-08-12,35
1998-08-13,31.6
1998-08-14,34.7
1998-08-15,31.5
1998-08-17,31.8
1998-08-18,31.7
1998-08-19,32.2
1998-08-20,32.2
1998-08-21,33.2
1998-08-22,33.5
1998-08-23,33
1998-08-24,35
1998-08-25,35.2
1998-08-26,35
1998-08-27,31.6
1998-08-29,30.5
1998-08-30,31.5
1998-08-31,32
1998-09-01,30.5
1998-09-06,30.6
1998-09-09,32
1999-05-12,30.6
1999-05-13,30.4
1999-05-25,30.5
1999-06-12,30
1999-06-15,30.4
1999-06-16,31.6
1999-06-19,30
1999-06-20,31
1999-06-21,34.4
1999-06-22,31.7
1999-06-23,31.9
1999-06-24,33.1
1999-06-25,31.2
1999-06-29,32.1
1999-06-30,34.6
1999-07-01,36.6
1999-07-02,35.8
1999-07-03,34.2
1999-07-07,31.6
1999-07-08,35
1999-07-09,36.4
1999-07-10,36
1999-07-11,32.9
1999-07-14,31.6
1999-07-15,35
1999-07-16,36.8
1999-07-17,36.1
1999-07-18,33.5
1999-07-19,31.5
1999-07-20,33.5
1999-07-21,36.4
1999-07-22,37.3
1999-07-23,35.5
1999-07-24,35.4
1999-07-25,34.4
1999-07-26,31.6
1999-07-29,30.6
1999-07-30,32.5
1999-08-01,32.4
1999-08-02,32.6
1999-08-05,30.3
1999-08-11,30.3
1999-08-12,31.4
1999-08-13,30.4
1999-08-14,33.2
1999-08-15,36
1999-08-16,34
1999-08-17,30.8
1999-08-18,32.5
1999-08-19,32.2
1999-08-20,33.4
1999-08-21,34.2
1999-08-22,35
1999-08-23,36
1999-08-24,37.2
1999-08-25,35
1999-08-26,31.6
1999-08-27,32.1
1999-08-28,33.2
1999-08-29,32.3
1999-08-30,30
1999-08-31,31.9
1999-09-09,30.5
1999-09-11,30
1999-09-12,30.9
2000-05-30,30.4
2000-05-31,32.6
2000-06-01,31.5
2000-06-02,30.5
2000-06-08,30.5
2000-06-15,31.3
2000-06-16,32.1
2000-06-17,34.3
2000-06-18,33.3
2000-06-19,32
2000-06-22,31.5
2000-06-23,33.4
2000-06-24,33
2000-06-25,32.8
2000-06-26,35.6
2000-06-27,30.7
2000-06-28,32.5
2000-06-29,33.6
2000-06-30,34.2
2000-07-01,31.8
2000-07-05,31.6
2000-07-06,35
2000-07-07,31.4
2000-07-09,31.2
2000-07-13,30.6
2000-07-14,32
2000-07-15,31
2000-07-16,31
2000-07-18,30.5
2000-07-19,32
2000-07-20,34.2
2000-07-21,35.2
2000-07-22,30.7
2000-07-27,31.5
2000-07-28,31.8
2000-07-29,32
2000-07-30,34.3
2000-07-31,36.4
2000-08-01,34
2000-08-02,35
2000-08-08,31.3
2000-08-09,33.7
2000-08-10,35.1
2000-08-11,30.9
2000-08-13,32.1
2000-08-14,33.2
2000-08-15,35.7
2000-08-16,36.2
2000-08-17,36
2000-08-18,32.7
2000-08-19,33.5
2000-08-24,30.5
2000-08-29,31.4
2000-08-30,30.4
2000-09-01,31
2000-09-02,31.8
2000-09-03,30.3
2000-09-07,32
2000-09-08,32
2000-09-09,31.6
2000-09-10,31.7
2000-09-12,30.4
2000-09-13,30.7
2000-09-14,31.5
2000-09-15,31.7
2001-05-26,30.3
2001-05-27,30.7
2001-05-28,32.2
2001-05-29,32.4
2001-05-30,32.9
2001-05-31,33.2
2001-06-01,32.7
2001-06-02,32.5
2001-06-03,33.2
2001-06-04,30.6
2001-06-05,30.1
2001-06-07,30.4
2001-06-14,30.8
2001-06-19,30.4
2001-06-20,33.2
2001-06-21,35.6
2001-06-22,36.4
2001-06-23,35.5
2001-06-24,35.6
2001-06-25,34.2
2001-06-26,31.6
2001-06-29,31.8
2001-06-30,34.1
2001-07-01,35.1
2001-07-02,35.3
2001-07-03,32.8
2001-07-10,30.2
2001-07-11,34.2
2001-07-12,33.9
2001-07-13,34.2
2001-07-17,30.2
2001-07-21,31.8
2001-07-22,34.5
2001-07-23,35.9
2001-07-24,32.5
2001-07-25,32.8
2001-07-26,33.3
2001-07-27,31.6
2001-07-28,32
2001-07-29,32
2001-07-30,30.4
2001-07-31,35.1
2001-08-01,33.2
2001-08-03,30
2001-08-04,30.1
2001-08-05,31.8
2001-08-06,34.2
2001-08-07,35.4
2001-08-08,31.6
2001-08-09,32
2001-08-10,31
2001-08-11,32.3
2001-08-12,33.7
2001-08-13,34
2001-08-14,32.4
2001-08-15,30.7
2001-08-20,30.8
2001-08-21,32.9
2001-08-22,34
2001-08-23,35.4
2001-08-24,36.2
2001-08-25,30.7
2001-08-26,31.1
2001-08-27,31.7
2001-09-03,31
2001-09-04,31.5
2001-09-05,30.1
2001-09-09,30.6
2001-09-13,30
2002-06-02,31.7
2002-06-12,32.2
2002-06-13,32.5
2002-06-14,33.4
2002-06-15,34.1
2002-06-16,35
2002-06-17,35.9
2002-06-18,34.3
2002-06-20,32.6
2002-06-21,34.3
2002-06-22,36.3
2002-06-23,35.2
2002-06-24,33
2002-06-25,33
2002-06-26,34.3
2002-06-28,31.2
2002-06-29,31.3
2002-06-30,31
2002-07-04,30.6
2002-07-05,31.6
2002-07-06,30.3
2002-07-07,32.2
2002-07-08,30.8
2002-07-11,30.5
2002-07-12,31.6
2002-07-17,30.7
2002-07-18,34
2002-07-19,35.2
2002-07-20,32.8
2002-07-21,34.3
2002-07-24,32
2002-07-25,33.1
2002-07-26,34.6
2002-07-27,35.6
2002-07-28,36
2002-07-29,35.4
2002-07-30,33.2
2002-07-31,30.4
2002-08-02,31.2
2002-08-03,31.4
2002-08-04,31.4
2002-08-05,31.2
2002-08-06,30.6
2002-08-07,31.4
2002-08-12,32
2002-08-13,34
2002-08-14,30.7
2002-08-15,31.7
2002-08-16,32.2
2002-08-17,33.1
2002-08-18,32.5
2002-08-19,31.6
2002-08-20,31.8
2002-08-21,32.1
2002-08-22,30.4
2002-08-23,30.3
2003-05-23,32.1
2003-05-29,30
2003-05-30,31.3
2003-05-31,31.9
2003-06-06,30.6
2003-06-07,33
2003-06-08,33.3
2003-06-09,33
2003-06-10,33.6
2003-06-11,35
2003-06-12,34.2
2003-06-13,35.1
2003-06-15,32.9
2003-06-16,32.9
2003-06-17,32.5
2003-06-18,32.8
2003-06-19,33.8
2003-06-20,34.5
2003-06-21,35.8
2003-06-22,36
2003-06-23,34.2
2003-06-25,30.5
2003-06-26,33
2003-06-27,32.9
2003-06-28,33
2003-06-29,30.2
2003-07-05,31.7
2003-07-06,32.4
2003-07-07,33.7
2003-07-08,35.2
2003-07-09,35.8
2003-07-10,36
2003-07-11,37.2
2003-07-12,37
2003-07-13,33.7
2003-07-14,32.6
2003-07-17,30.6
2003-07-18,33.2
2003-07-19,33.1
2003-07-20,33
2003-07-21,31.7
2003-07-22,33
2003-07-23,32.2
2003-07-24,32.5
2003-07-25,33.5
2003-07-26,33.5
2003-07-27,31.3
2003-07-28,33
2003-07-29,34.1
2003-07-30,35.2
2003-07-31,37.4
2003-08-01,38.6
2003-08-02,37.2
2003-08-03,38.2
2003-08-04,37.9
2003-08-05,35.8
2003-08-06,34.8
2003-08-07,35.9
2003-08-08,34.4
2003-08-09,35.7
2003-08-10,35
2003-08-11,35.4
2003-08-12,36.2
2003-08-13,35.4
2003-08-14,36.7
2003-08-15,35
2003-08-17,31.1
2003-08-18,32
2003-08-19,33.8
2003-08-20,34
2003-08-21,33.7
2003-08-23,31.2
2003-08-24,33.4
2003-08-25,32.8
2003-08-26,30.4
2003-09-11,30.4
2003-09-12,30.2
2003-09-13,30.2
2003-09-14,30
2004-06-05,31.5
2004-06-06,30.5
2004-06-10,30.2
2004-06-11,31.3
2004-06-12,32
2004-06-17,31
2004-06-18,33.2
2004-06-22,30.6
2004-06-23,30.7
2004-06-24,32
2004-06-25,32.8
2004-06-26,35.2
2004-06-27,37.6
2004-06-28,38
2004-06-29,38.4
2004-06-30,37.4
2004-07-01,36
2004-07-02,33.8
2004-07-03,32.7
2004-07-04,35.2
2004-07-05,36
2004-07-06,31
2004-07-14,31.3
2004-07-15,33.4
2004-07-16,34
2004-07-17,31.4
2004-07-18,31.8
2004-07-19,31.2
2004-07-20,31.2
2004-07-21,33.6
2004-07-22,35
2004-07-23,36.5
2004-07-24,37.1
2004-07-25,37
2004-07-26,33
2004-07-27,34.3
2004-07-28,34.6
2004-07-29,31
2004-07-30,33.4
2004-07-31,34.9
2004-08-01,34.6
2004-08-02,33.5
2004-08-03,30
2004-08-05,30.1
2004-08-06,32.5
2004-08-07,32.2
2004-08-08,30
2004-08-14,32.7
2004-08-15,33.6
2004-08-23,31.6
2004-08-24,33.9
2004-08-25,33.5
2004-08-26,31.2
2004-08-27,31
2004-08-28,31.7
2004-08-29,30.6
2004-08-30,31.2
2004-08-31,30.4
2004-09-09,30.2
2004-09-12,30
2004-09-21,30
2004-09-22,30.4
2004-09-24,30
2005-05-20,30.4
2005-05-25,31.4
2005-05-26,33.4
2005-05-27,30.9
2005-05-28,32.6
2005-06-03,30.7
2005-06-04,32.4
2005-06-05,32.9
2005-06-06,33
2005-06-07,31
2005-06-08,32
2005-06-09,32
2005-06-10,31.4
2005-06-11,31.7
2005-06-16,33
2005-06-17,34.4
2005-06-18,33.5
2005-06-19,35.1
2005-06-20,35
2005-06-21,34.2
2005-06-22,36.5
2005-06-24,30.7
2005-06-25,31.9
2005-06-26,33.3
2005-06-27,33.2
2005-06-30,31.2
2005-07-01,32.4
2005-07-02,34.8
2005-07-03,37.2
2005-07-04,34.6
2005-07-05,31.3
2005-07-06,33.8
2005-07-07,33.6
2005-07-08,30.8
2005-07-09,32.5
2005-07-11,32.4
2005-07-12,35
2005-07-13,35.4
2005-07-14,36.2
2005-07-15,36
2005-07-16,36.5
2005-07-17,33.2
2005-07-19,33.7
2005-07-20,36.9
2005-07-21,37.6
2005-07-22,35.7
2005-07-23,35.2
2005-07-24,33.7
2005-07-25,31.6
2005-07-26,31.5
2005-07-31,32.2
2005-08-01,31.1
2005-08-03,30.5
2005-08-04,33
2005-08-05,35
2005-08-06,37
2005-08-07,38
2005-08-08,36.2
2005-08-09,33.6
2005-08-12,31.6
2005-08-13,34.2
2005-08-14,35.5
2005-08-15,36.8
2005-08-16,30
2005-08-17,33.5
2005-08-18,33.4
2005-08-24,32.1
2005-08-25,33.9
2005-08-26,33.2
2005-08-27,33
2005-08-28,33
2005-08-29,33
2005-08-30,33.9
2005-08-31,31.6
2005-09-01,31.7
2005-09-02,32.4
2005-09-03,33.3
2005-09-04,34.6
2005-09-16,30.2
2006-05-16,30.8
2006-05-17,32.5
2006-05-27,31.3
2006-05-28,32.2
2006-05-29,33
2006-06-05,30.8
2006-06-06,33.2
2006-06-07,33.8
2006-06-08,34.7
2006-06-11,30.6
2006-06-19,30.4
2006-06-21,31.6
2006-06-22,34
2006-06-23,35.5
2006-06-24,31.3
2006-06-27,31.2
2006-06-28,31.4
2006-06-29,31.5
2006-06-30,33.7
2006-07-01,32.4
2006-07-02,32.2
2006-07-03,30.8
2006-07-04,32.3
2006-07-06,30.5
2006-07-07,32
2006-07-08,34.4
2006-07-09,36.7
2006-07-10,37.6
2006-07-11,34.5
2006-07-12,33.1
2006-07-13,34.2
2006-07-14,32.1
2006-07-15,34.2
2006-07-16,34.7
2006-07-17,34.8
2006-07-18,34
2006-07-19,32
2006-07-20,33.2
2006-07-21,35.2
2006-07-22,34.2
2006-07-23,35.3
2006-07-24,35.2
2006-07-25,35.1
2006-07-26,35
2006-07-27,32
2006-07-28,31.3
2006-07-29,33.4
2006-07-30,35.5
2006-07-31,36.4
2006-08-01,34.2
2006-08-02,34.6
2006-08-03,33.6
2006-08-04,30.5
2006-08-05,32.5
2006-08-06,31.7
2006-08-07,32.7
2006-08-08,30.5
2006-08-09,31
2006-08-10,33.5
2006-08-11,34
2006-08-12,32.9
2006-08-14,31.7
2006-08-21,30.6
2006-08-22,32.5
2006-08-23,34.1
2006-08-24,32.5
2006-08-25,30.9
2006-08-28,33.6
2006-08-29,33.6
2006-08-30,31.5
2006-08-31,32.6
2006-09-01,34.9
2006-09-02,35
2006-09-03,35.7
2006-09-04,35.4
2006-09-05,33.4
2006-09-06,32.5
2006-09-07,30.7
2006-09-08,32.3
2006-09-09,32.8
2006-09-10,30.2
2007-05-18,30.3
2007-06-29,30.7
2007-06-30,32
2007-07-03,30
2007-07-06,32.2
2007-07-07,34.2
2007-07-08,33.3
2007-07-11,30
2007-07-12,32
2007-07-13,33.6
2007-07-14,35
2007-07-15,33.3
2007-07-18,31.4
2007-07-25,32.2
2007-07-26,34.7
2007-07-27,35.5
2007-07-28,36.4
2007-07-29,35.6
2007-07-30,35
2007-07-31,36.6
2007-08-01,33.6
2007-08-02,33.5
2007-08-03,34.2
2007-08-04,36.9
2007-08-05,35.5
2007-08-07,30
2007-08-09,30
2007-08-10,31.4
2007-08-11,31.5
2007-08-13,31
2007-08-14,31.2
2007-08-15,30.7
2007-08-18,31.5
2007-08-26,32.6
2007-08-27,35
2007-08-28,34
2007-09-02,30.7
2007-09-03,31.7
2007-09-07,31
2007-09-08,30
2007-09-09,30.2
2008-06-19,31.2
2008-06-20,32.7
2008-06-21,34
2008-06-22,34.5
2008-06-25,32.4
2008-06-26,34.4
2008-06-27,33.5
2008-06-28,34.2
2008-06-29,35
2008-06-30,34.6
2008-07-01,34
2008-07-04,31.4
2008-07-05,32.5
2008-07-08,31
2008-07-09,33
2008-07-10,33.2
2008-07-11,31.5
2008-07-15,31
2008-07-17,30.8
2008-07-18,34
2008-07-19,37.2
2008-07-20,34.6
2008-07-21,35
2008-07-22,34.3
2008-07-23,37
2008-07-24,31.6
2008-07-25,31.5
2008-07-26,31.5
2008-07-27,34
2008-07-28,31.5
2008-07-29,33.6
2008-07-30,33.6
2008-07-31,34
2008-08-01,32.3
2008-08-02,34.8
2008-08-03,36.6
2008-08-04,38
2008-08-05,37.4
2008-08-06,36.6
2008-08-07,32.8
2008-08-08,32
2008-08-09,33
2008-08-10,35.5
2008-08-11,32
2008-08-18,32.2
2008-08-19,31.6
2008-08-20,31
2008-08-21,33.3
2008-08-22,31.8
2008-08-23,30.8
2008-08-24,32
2008-08-25,35
2008-08-26,32.8
2008-08-27,32.1
2008-08-28,33.3
2008-08-29,33.5
2008-09-01,30.6
2008-09-02,30.4
2009-05-20,32.3
2009-05-21,30
2009-05-22,30.3
2009-05-30,30.8
2009-05-31,31.2
2009-06-01,32.5
2009-06-02,32.1
2009-06-03,31.5
2009-06-11,32
2009-06-12,36.2
2009-06-13,38.4
2009-06-14,31.9
2009-06-15,32.4
2009-06-17,32
2009-06-18,36.2
2009-06-19,36.2
2009-06-20,34.6
2009-06-21,32.4
2009-06-22,34.2
2009-06-23,34.6
2009-06-24,31.7
2009-06-27,30.2
2009-06-29,32.4
2009-06-30,34.4
2009-07-01,35.5
2009-07-02,34.8
2009-07-03,34.6
2009-07-04,32.6
2009-07-05,31.7
2009-07-06,31.4
2009-07-07,31.8
2009-07-08,32.4
2009-07-09,33.6
2009-07-10,34
2009-07-11,35
2009-07-12,36
2009-07-13,36
2009-07-14,30.8
2009-07-15,32.5
2009-07-16,34.6
2009-07-19,34
2009-07-20,31.3
2009-07-21,37.6
2009-07-22,33.8
2009-07-24,30.6
2009-07-25,34.7
2009-07-26,37.2
2009-07-27,35.6
2009-07-28,35.2
2009-07-29,34.4
2009-07-30,35
2009-07-31,35.4
2009-08-01,30.6
2009-08-03,32.7
2009-08-04,35
2009-08-05,36.6
2009-08-06,34.4
2009-08-07,33.4
2009-08-08,32.6
2009-08-09,31.4
2009-08-10,31.4
2009-08-11,32
2009-08-12,34.2
2009-08-13,35.2
2009-08-14,34.2
2009-08-15,35.2
2009-08-16,36.7
2009-08-17,37.4
2009-08-18,36.7
2009-08-19,36.6
2009-08-20,36
2009-08-21,36.3
2009-08-22,36.6
2009-08-23,37.5
2009-08-24,32.6
2009-08-25,30.8
2009-08-26,32.4
2009-08-27,34.6
2009-08-28,36.8
2009-08-29,34
2009-08-30,35.8
2009-08-31,35.6
2009-09-01,31.6
2009-09-02,30.7
2009-09-03,32
2009-09-04,32.2
2009-09-05,30.4
2009-09-06,31.7
2009-09-07,32.8
2009-09-08,32
2009-09-09,30.6
2009-09-10,31.8
2009-09-11,30.5
2010-05-30,30.3
2010-05-31,31.8
2010-06-01,31.4
2010-06-02,30.2
2010-06-03,31.5
2010-06-04,33
2010-06-05,33
2010-06-06,30.5
2010-06-22,31.6
2010-06-23,32.2
2010-06-24,33.4
2010-06-25,31
2010-06-26,30.2
2010-06-28,30.4
2010-06-29,31
2010-06-30,31.7
2010-07-01,33
2010-07-02,30
2010-07-04,32.4
2010-07-05,33.9
2010-07-06,35.4
2010-07-07,37.2
2010-07-08,33
2010-07-09,34.4
2010-07-10,36
2010-07-11,37.2
2010-07-12,35
2010-07-13,33.5
2010-07-14,30.8
2010-07-15,32.5
2010-07-16,33.8
2010-07-17,35.5
2010-07-18,36.6
2010-07-19,37.4
2010-07-20,35.8
2010-07-21,31.8
2010-07-22,32.2
2010-07-23,32.6
2010-07-24,33.6
2010-07-25,33.5
2010-07-26,34.3
2010-07-27,34.6
2010-07-28,37
2010-07-29,37.4
2010-07-30,34.4
2010-07-31,36.8
2010-08-01,35.6
2010-08-02,35.2
2010-08-03,32
2010-08-04,34
2010-08-05,32
2010-08-06,33
2010-08-07,35.3
2010-08-08,30.6
2010-08-09,33.8
2010-08-10,33.7
2010-08-11,35.4
2010-08-12,33.7
2010-08-15,31
2010-08-18,31.6
2010-08-20,32.7
2010-08-21,36
2010-08-22,35
2010-08-23,33.2
2010-08-24,32
2010-08-25,35.4
2010-08-26,36.4
2010-08-27,35
2010-08-28,34
2010-08-29,33.6
2010-08-30,33.4
2010-08-31,31.2
2010-09-03,30.7
2010-09-04,32.6
2010-09-05,32.7
2010-09-06,31.5
2010-09-11,31
2010-09-12,32.7
2010-09-13,32
2010-09-14,33.3
2010-09-15,32.2
2011-05-24,30.7
2011-05-25,31.2
2011-06-13,30.3
2011-06-14,30.2
2011-06-15,31.8
2011-06-16,30
2011-06-19,31.2
2011-06-20,33.8
2011-06-21,35
2011-06-22,33
2011-06-23,31.5
2011-06-24,31.7
2011-06-25,35.5
2011-06-26,36.8
2011-06-27,37.3
2011-06-28,35.4
2011-06-29,34.2
2011-06-30,33.7
2011-07-01,34.9
2011-07-02,34.8
2011-07-03,31.6
2011-07-04,31
2011-07-05,34.1
2011-07-06,32.5
2011-07-08,30.5
2011-07-09,31.5
2011-07-10,33
2011-07-11,34.7
2011-07-12,31.4
2011-07-15,31.5
2011-07-16,34.1
2011-07-20,30.7
2011-07-21,33.3
2011-07-22,30.8
2011-07-23,30.8
2011-07-25,31.3
2011-07-26,34.5
2011-07-27,31.8
2011-07-28,32.8
2011-07-29,35.2
2011-07-30,34.5
2011-07-31,34.6
2011-08-01,32.8
2011-08-03,30.8
2011-08-04,34.4
2011-08-05,33.6
2011-08-06,32.6
2011-08-07,32.3
2011-08-08,32.6
2011-08-09,32.6
2011-08-10,34.4
2011-08-11,35.8
2011-08-12,35.6
2011-08-13,31.2
2011-08-14,34
2011-08-15,35.3
2011-08-16,36.5
2011-08-17,35.5
2011-08-18,35
2011-08-19,36
2011-08-20,38.3
2011-08-21,35.2
2011-08-23,31
2011-08-24,30.6
2011-08-25,31.5
2011-08-28,31.3
2011-08-29,31.2
2011-08-30,31.4
2011-09-06,30.6
2011-09-07,33
2011-09-08,34
2011-09-09,34.2
2011-09-10,32
2011-09-12,31.6
2011-09-13,33.6
2011-09-14,33
2011-09-15,32.2
2011-09-16,31.3
2011-09-17,30.3
2012-05-10,30.7
2012-05-11,31.6
2012-05-12,32.6
2012-05-13,32.5
2012-05-14,31.1
2012-05-24,30.6
2012-05-25,30.4
2012-05-30,31.2
2012-05-31,34.3
2012-06-01,34.5
2012-06-04,30
2012-06-05,31.9
2012-06-06,30.4
2012-06-14,30.8
2012-06-15,31.8
2012-06-16,31.6
2012-06-17,32.4
2012-06-18,31.5
2012-06-22,32
2012-06-23,34.4
2012-06-24,36.5
2012-06-25,37.8
2012-06-26,38.8
2012-06-27,37.2
2012-06-28,35.4
2012-06-29,31
2012-07-02,30.3
2012-07-03,33.7
2012-07-04,32.4
2012-07-06,30.2
2012-07-07,32
2012-07-08,32.1
2012-07-09,32.8
2012-07-10,30.9
2012-07-11,32
2012-07-12,33
2012-07-13,35.5
2012-07-14,32.4
2012-07-15,31.3
2012-07-16,33
2012-07-17,36
2012-07-18,37.8
2012-07-19,38
2012-07-20,35.5
2012-07-21,34.3
2012-07-22,35
2012-07-23,35.2
2012-07-24,33.7
2012-07-25,35.6
2012-07-26,34.7
2012-07-27,31.8
2012-07-28,31.2
2012-07-29,33
2012-07-30,35.2
2012-07-31,36.2
2012-08-01,34.7
2012-08-02,34.6
2012-08-03,35.4
2012-08-04,33.2
2012-08-07,33.3
2012-08-08,34.2
2012-08-09,38.2
2012-08-10,40.6
2012-08-11,38.5
2012-08-12,32.6
2012-08-13,32
2012-08-14,31.7
2012-08-16,32
2012-08-17,37.7
2012-08-18,37.4
2012-08-19,34.7
2012-08-20,37.6
2012-08-21,37.2
2012-08-22,37.5
2012-08-23,33.7
2012-08-24,30.8
2012-08-25,30.5
2012-08-26,31.6
2012-08-27,33.2
2012-08-28,32.6
2012-08-29,30.8
2012-08-30,31
2012-09-05,30
2012-09-06,31.6
2012-09-07,31.5
2012-09-08,32
2012-09-12,32
2012-09-15,32.6
2012-09-16,33
2013-06-12,31.8
2013-06-13,33.4
2013-06-14,32.7
2013-06-15,33.6
2013-06-16,34.5
2013-06-22,31
2013-06-23,32.8
2013-06-24,31.2
2013-06-25,32.4
2013-06-26,31.6
2013-06-27,31.1
2013-06-28,31
2013-06-29,31.6
2013-06-30,33.5
2013-07-01,34.2
2013-07-02,32.3
2013-07-03,34.7
2013-07-04,35.5
2013-07-05,37.2
2013-07-06,35.6
2013-07-07,36
2013-07-08,37.6
2013-07-09,36.8
2013-07-10,34.3
2013-07-11,35
2013-07-12,35.5
2013-07-13,33.9
2013-07-14,33.6
2013-07-15,33.7
2013-07-16,34.3
2013-07-17,34.6
2013-07-18,34.2
2013-07-19,35
2013-07-20,35.4
2013-07-21,33
2013-07-22,33.2
2013-07-23,33.6
2013-07-24,34.6
2013-07-25,35.3
2013-07-26,34.2
2013-07-30,33.5
2013-07-31,37.2
2013-08-01,37
2013-08-02,33.4
2013-08-03,33.6
2013-08-04,34.7
2013-08-05,35.4
2013-08-06,31.4
2013-08-07,31.6
2013-08-08,30.6
2013-08-09,32.6
2013-08-10,36
2013-08-11,37.5
2013-08-12,36.3
2013-08-13,34.6
2013-08-14,35
2013-08-15,35.3
2013-08-16,35.1
2013-08-17,34
2013-08-18,34.6
2013-08-19,36.5
2013-08-20,36.7
2013-08-21,36.3
2013-08-22,34.9
2013-08-23,34.6
2013-08-24,33.5
2013-08-25,31.3
2013-08-26,31
2013-08-27,30.8
2013-08-31,30
2013-09-01,30.6
2013-09-02,31.5
2013-09-03,32.7
2013-09-04,31.8
2013-09-10,30
2013-09-23,30
2013-09-24,30.1
2014-05-09,30.4
2014-05-10,30.4
2014-06-12,31.7
2014-06-13,33.6
2014-06-14,33.5
2014-06-18,31
2014-06-19,31.2
2014-06-27,30.4
2014-07-05,31.7
2014-07-08,30
2014-07-11,30
2014-07-12,31.2
2014-07-13,33.2
2014-07-14,35
2014-07-15,35.8
2014-07-16,37.2
2014-07-17,37.3
2014-07-18,35
2014-07-21,30.5
2014-07-22,34
2014-07-23,36
2014-07-24,35.3
2014-07-25,34.2
2014-07-26,35.3
2014-07-27,35.7
2014-07-28,35.7
2014-07-30,31.6
2014-07-31,34.7
2014-08-04,31.8
2014-08-05,33.5
2014-08-06,34.6
2014-08-07,34.9
2014-08-08,34
2014-08-09,32
2014-08-10,32.2
2014-08-11,32.7
2014-08-12,34
2014-08-15,31.2
2014-08-16,30.4
2014-08-17,32.2
2014-08-18,32.6
2014-08-19,32.8
2014-08-20,31.2
2014-08-21,30.5
2014-08-22,30.5
2014-08-23,30.7
2014-08-24,31.8
2014-08-25,34
2014-08-26,34.3
2014-08-27,34.7
2014-08-28,34.4
2014-08-29,33
2014-08-30,32.4
2014-08-31,33.6
2014-09-01,34.8
2014-09-02,36.4
2014-09-03,33.3
2014-09-04,30.6
2014-09-05,32
2014-09-09,30.2
2014-09-10,30.7
2014-09-12,30
2014-09-13,30.4
2015-05-10,31.5
2015-05-11,32.4
2015-05-12,33.3
2015-05-13,35.5
2015-05-14,32.5
2015-05-17,30
2015-05-18,31.6
2015-05-28,31.3
2015-05-29,30.4
2015-05-31,30.8
2015-06-01,31.5
2015-06-02,32.6
2015-06-03,33.6
2015-06-04,32.3
2015-06-05,32.2
2015-06-06,34
2015-06-07,34.1
2015-06-08,33
2015-06-09,32.3
2015-06-18,30
2015-06-19,32.4
2015-06-20,33.7
2015-06-21,35.1
2015-06-22,34
2015-06-23,31.6
2015-06-24,30.4
2015-06-25,32.8
2015-06-26,35.4
2015-06-27,37.3
2015-06-28,38.8
2015-06-29,39.3
2015-06-30,38.4
2015-07-01,35.6
2015-07-02,33
2015-07-03,36.5
2015-07-04,36.7
2015-07-05,37.1
2015-07-06,39.6
2015-07-07,38.3
2015-07-08,38.2
2015-07-09,38.9
2015-07-10,37.4
2015-07-11,37.4
2015-07-12,37.5
2015-07-13,38.6
2015-07-14,39.5
2015-07-15,39.4
2015-07-16,38.3
2015-07-17,36.3
2015-07-18,33.6
2015-07-19,34.4
2015-07-20,36.8
2015-07-21,37.3
2015-07-22,34.2
2015-07-23,36.9
2015-07-24,34.3
2015-07-25,33.8
2015-07-26,36.3
2015-07-27,37.6
2015-07-28,38
2015-07-29,36.8
2015-07-30,34.3
2015-07-31,30.5
2015-08-01,31.7
2015-08-02,34.6
2015-08-03,35.5
2015-08-04,34.5
2015-08-05,35.5
2015-08-06,37.2
2015-08-07,35.4
2015-08-08,33.6
2015-08-09,33.3
2015-08-10,36.8
2015-08-11,34
2015-08-12,32.6
2015-08-17,31.7
2015-08-18,32.3
2015-08-19,32.4
2015-08-20,34.2
2015-08-21,33.1
2015-08-22,31.7
2015-08-26,32.1
2015-08-27,32.3
2015-08-28,34.2
2015-08-29,34.8
2015-08-30,34.8
2015-09-01,30
2015-09-11,30.1
2016-06-07,32.7
2016-06-08,34.2
2016-06-09,34.7
2016-06-10,31
2016-06-11,31.2
2016-06-12,31.5
2016-06-13,31.7
2016-06-20,32.3
2016-06-21,34.2
2016-06-22,35.3
2016-06-23,33.4
2016-06-24,34.4
2016-06-25,33.3
2016-06-26,32
2016-06-27,34.3
2016-06-28,35.8
2016-06-29,35.4
2016-06-30,34.3
2016-07-01,34.5
2016-07-02,36
2016-07-03,36.5
2016-07-04,34.9
2016-07-05,35.1
2016-07-06,34.4
2016-07-07,31.3
2016-07-08,34.4
2016-07-09,36.7
2016-07-10,38.4
2016-07-11,37.2
2016-07-12,34.4
2016-07-13,30.2
2016-07-14,30.5
2016-07-15,31.2
2016-07-16,34
2016-07-17,36.5
2016-07-18,38.6
2016-07-19,36.9
2016-07-20,35.4
2016-07-21,35.3
2016-07-22,33.2
2016-07-23,31.7
2016-07-24,33.2
2016-07-25,36.6
2016-07-26,38
2016-07-27,38
2016-07-28,37.4
2016-07-29,38.4
2016-07-30,35.7
2016-07-31,34.4
2016-08-01,34.7
2016-08-02,36.7
2016-08-03,37.9
2016-08-04,36
2016-08-05,33
2016-08-06,35.2
2016-08-07,36.2
2016-08-08,35.4
2016-08-09,35.3
2016-08-11,31
2016-08-12,33
2016-08-13,34.2
2016-08-14,34.4
2016-08-15,34.1
2016-08-16,34.2
2016-08-17,33.6
2016-08-18,33.7
2016-08-19,34.9
2016-08-20,33
2016-08-21,32.5
2016-08-22,35.3
2016-08-23,36
2016-08-24,34.7
2016-08-25,34.5
2016-08-26,33.3
2016-08-27,35.5
2016-08-28,35.4
2016-08-29,34.5
2016-08-30,32.5
2016-08-31,33.3
2016-09-01,34
2016-09-02,34.1
2016-09-03,36
2016-09-04,37
2016-09-05,37.4
2016-09-06,38.9
2016-09-07,38.5
2016-09-08,33.4
2016-09-09,31
2016-09-10,32
2016-09-11,32.2
2016-09-12,33.4
2017-05-23,31.8
2017-05-24,32
2017-05-25,33
2017-05-26,33.7
2017-05-27,33
2017-05-31,30.5
2017-06-01,32.1
2017-06-02,32.3
2017-06-07,31.8
2017-06-08,33.8
2017-06-09,32.8
2017-06-10,35.1
2017-06-11,37.2
2017-06-12,37
2017-06-13,36.2
2017-06-14,37.2
2017-06-15,39
2017-06-16,37.6
2017-06-17,40
2017-06-18,38.6
2017-06-19,33.5
2017-06-20,32.8
2017-06-21,36.3
2017-06-22,37
2017-06-23,36.2
2017-06-24,36.3
2017-06-25,35.3
2017-06-26,30.7
2017-07-02,31.6
2017-07-03,34
2017-07-04,35.5
2017-07-05,35.5
2017-07-09,31.5
2017-07-10,32.2
2017-07-11,33.7
2017-07-12,36.8
2017-07-13,39.7
2017-07-14,39.6
2017-07-15,37.5
2017-07-16,37.2
2017-07-17,35.1
2017-07-18,36
2017-07-19,32.6
2017-07-21,31.8
2017-07-22,33
2017-07-23,34.2
2017-07-24,33.2
2017-07-25,31.3
2017-07-26,33.3
2017-07-27,37.5
2017-07-28,37.9
2017-07-29,37.7
2017-07-30,37
2017-07-31,34.6
2017-08-01,33
2017-08-03,36.7
2017-08-04,37.5
2017-08-05,39.2
2017-08-06,36.5
2017-08-07,35.6
2017-08-08,30.2
2017-08-12,32.4
2017-08-13,33.5
2017-08-14,35
2017-08-15,34.6
2017-08-16,34.6
2017-08-17,36
2017-08-18,36.6
2017-08-19,35.3
2017-08-20,35.7
2017-08-21,36
2017-08-22,36.6
2017-08-23,35.9
2017-08-24,35.5
2017-08-25,34.4
2017-08-26,30.8
2017-09-03,31.2
2017-09-05,31
2017-09-06,32.5
2017-09-07,30
2017-09-08,30.6
2017-09-11,31
2017-09-13,30.7
2017-09-14,30.3
2018-06-15,30.7
2018-06-16,31.1
2018-06-17,32.3
2018-06-18,32.1
2018-06-19,32.5
2018-06-20,33
2018-06-21,33.3
2018-06-22,33.8
2018-06-23,35.5
2018-06-24,36.6
2018-06-25,36.2
2018-06-26,35
2018-06-27,31.9
2018-06-28,31
2018-06-29,31.6
2018-07-03,30.7
2018-07-06,31.7
2018-07-07,33.6
2018-07-08,34.6
2018-07-09,34.5
2018-07-10,35.2
2018-07-11,33.2
2018-07-12,32.7
2018-07-13,33.5
2018-07-14,33.2
2018-07-16,30.2
2018-07-17,33.5
2018-07-18,32.9
2018-07-19,32.9
2018-07-20,32
2018-07-21,30.5
2018-07-22,31.7
2018-07-23,34.7
2018-07-24,33
2018-07-25,34.6
2018-07-26,34.5
2018-07-27,34.5
2018-07-28,33.2
2018-07-29,32.6
2018-07-30,34.1
2018-07-31,35.3
2018-08-01,37
2018-08-02,38.5
2018-08-03,39.9
2018-08-04,38.6
2018-08-05,37.6
2018-08-06,36.9
2018-08-07,36.7
2018-08-08,34.6
2018-08-09,31.3
2018-08-10,31.3
2018-08-11,33.7
2018-08-12,35
2018-08-13,33.5
2018-08-14,33
2018-08-15,33.8
2018-08-16,32
2018-08-17,32.2
2018-08-18,30.4
2018-08-19,31.6
2018-08-20,32.5
2018-08-21,34.4
2018-08-22,32.8
2018-08-23,33.8
2018-08-24,33
2018-08-25,32.8
2018-08-26,31.5
2018-08-27,35
2018-08-28,33.8
2018-08-29,31.5
2018-08-30,32.2
2018-08-31,33.4
2018-09-01,33.6
2018-09-02,34.8
2018-09-03,31.3
2018-09-13,32.2
2018-09-14,31.6
2018-09-15,30
2018-09-16,30.2
2018-09-17,30.8
2018-09-19,30.4
2018-09-20,31.5
2018-09-21,31.3
2018-09-22,32.5
2018-09-23,33.5
2018-09-24,32
